address,decompiled,violations,warnings,conflicts,patterns,status
0xe588450a425FC74D464A710306DFaB9Fc2B8De0a,False,,,,,Error
0xFb14C0EcA994334fF16b2cd58Aade07E08B092f7,True,0,0,0,,No findings
0xC323f17895eB3576b6FF372100E9487a206863D6,True,0,0,0,,No findings
0xC81e6D1070aFA48DA4e4f35E744CC1aE43532a10,True,0,0,0,,No findings
0xFf06aFcaABaDDd1fb08371f9ccA15D73D51FeBD6,False,,,,,Error
0x3C330D4A2e2b8443AFaB8E326E64ab4251B7Eae0,True,0,0,0,,No findings
0x6A6287b5965DCAe062a4A1D1D8B50A544DaF3DD5,False,,,,,Error
0x748040afB89B8FdBb992799808215419d36A0930,True,0,0,0,,No findings
0xf7bAD571C3F043b0577ce6207630A01BF6092D6A,True,0,0,0,,No findings
0x19Be55D859368e02d7b9C00803Eb677BDC1359Bd,True,0,0,0,,No findings
0x874AaCa847B365592B2b9dB7235517c5F3a5c689,False,0,0,0,,Decompilation failed
0x2F619Ac5122689180AeBB930ADccdae215d538a9,True,0,0,0,,No findings
0x7cd07DD1ac8ba1c508A7674C9A0F5f52e63B9b27,True,0,0,0,,No findings
0xfce6066e1dED1aD1315cb54D7e263469F4efcc68,True,0,0,0,,No findings
0x1df063280C4166AF9a725e3828b4dAC6c7113B08,True,0,0,0,,No findings
0xA55FE1F3b5bc7D81D9294D968cA64B176ae05c7c,True,0,0,0,,No findings
0xa469a2B71E027e4223E596d53792efE631FDBc7E,True,0,0,0,,No findings
0x0526E47C49742C15F8817ef8cf0d8FFc72139D4F,True,0,0,0,,No findings
0x72f747270ED9C92c7026b222c5767561Be281DaF,False,0,0,0,,Decompilation failed
0x175821F30AdCAA4bbB72Ce98eF76C2E0De2C3f21,False,,,,,Error
0xd785272D240B07719e417622cbd2cfA0E584d1bd,True,0,0,0,,No findings
0xF16E63B42Df7f2676B373979120BBf7e6298F473,True,0,0,0,,No findings
0xd0133980785c4DA716445Dd503804Cad858A5ecB,False,0,0,0,,Decompilation failed
0xeA87ae93Fa0019a82A727bfd3eBd1cFCa8f64f1D,True,0,0,0,,No findings
0x17E216fBb22dF4ef8A6640ae9Cb147C92710ac84,True,0,0,0,,No findings
0xF7F0DaB0BECE4498dAc7eb616e288809D4499371,True,0,0,0,,No findings
0x18B0688990720103dB63559a3563f7E8d0f63EDb,True,0,0,0,,No findings
0x46fa3A5780e5B90Eaf34BDED554d5353B5ABE9E7,False,,,,,Error
0x2254A9826b4bE58612b83498C327F37A796954DF,True,0,0,0,,No findings
0xd76080269C641e1adb786b72ae60Ddac3b6b8ed0,False,,,,,Error
0xcae1ed52e7914B4b89c4E49a9d5bdF7425E69252,False,,,,,Error
0x9Cad0eC82328CEE2386Ec14a12E81d070a27712f,False,,,,,Error
0x1b33611fCc073aB0737011d5512EF673Bff74962,True,0,0,0,,No findings
0xcfacC141f090E5441D8F274659D43ec20F748b19,False,,,,,Error
0x44647Cd983E80558793780f9a0c7C2aa9F384D07,False,,,,,Error
0xB3fCcD379ad66CED0c91028520C64226611A48c9,True,0,0,0,,No findings
0x7f50C5776722630a0024fAE05fDe8b47571D7B39,True,0,0,0,,No findings
0xa377b8269e0A47cdd2fD5AAeAe860b45623c6d82,True,0,0,0,,No findings
0x7937CB2886f01F38210506491A69B0D107Ea0ad9,True,0,0,0,,No findings
0xd7CF8c05fd81b8cA7CfF8E6C49B08a9D63265c9B,False,,,,,Error
0x92FDcD6ECa2B05a6ceAdb209D81DeB9e91f02495,True,0,0,0,,No findings
0x36FdA966CfffF8a9Cdc814f546db0e6378bFef35,True,0,0,0,,No findings
0x2c58687fFfCD5b7043a5bF256B196216a98a6587,False,,,,,Error
0x9BbDf86b272d224323136E15594fdCe487F40ce7,False,0,0,0,,Decompilation failed
0x48344fADD6fd2403729F073e570BE0f47605aDAf,True,0,0,0,,No findings
0x239eB860770F1C48ABAC9bE9825d20e3E7c018df,False,,,,,Error
0xA4B4cE629b9959495Acc3923308FdCB92f8B9412,False,0,0,0,,Decompilation failed
0x5A477c362106FC6E25785C4C611fB8c27CA3140f,True,0,0,0,,No findings
0x47113936706B3FfF21a14807A93cc3ab8C76bff8,True,0,0,0,,No findings
0x3b6044acd6767f017e99318AA6Ef93b7B06A5a22,True,0,0,0,,No findings
0x11b69aB33AD8a550dcF9B4A041AA1121255F08A5,False,0,0,0,,Decompilation failed
0xFC62DeF1f08793aBf0E67f69257c6be258194F72,True,0,0,0,,No findings
0x6E7b29CB2A7617405B4d30C6f84bBD51b4Bb4be8,True,0,0,0,,No findings
0xC50b98A6CFC20A2484bf2A21310F22C3557E5f32,True,0,0,0,,No findings
0xD0199067DACb8526e7dc524a9a7DCBb57Cd25421,True,0,0,0,,No findings
0x99ca8c74cE7Cfa9d72A51fbb05F9821f5f826b3a,False,,,,,Error
0x96845a0469363f90779f6D5cd49D79bDDAc69429,True,0,0,0,,No findings
0x9e8fFb1c26099e75Dd5D794030e2E9AA51471c25,True,0,0,0,,No findings
0x7d58D7F052792e54eeEe91B2467c2A17a163227e,True,0,0,0,,No findings
0x61D15D571D5f7A9eF0D1938f072f430bBF024747,False,,,,,Error
0x979Ca5202784112f4738403dBec5D0F3B9daabB9,True,0,0,0,,No findings
0x4ac19e0bafc2aF6B98094F0a1B817dF196551219,True,0,0,0,,No findings
0xe0B988062A0C6492177d64823Ab95a9c256c2a5F,True,0,0,0,,No findings
0xAD5b1B341048Fb5fCAa139b7025b97d1372E0cCe,False,,,,,Error
0x95519ba800BBd0d34eeAE026fEc620AD978176C0,False,,,,,Error
0xD05202900502ab7a075249078f0816a163319b87,True,0,0,0,,No findings
0xD2670EedcD21116c6F0B331Ce391eA4B3Bf1aB19,True,0,0,0,,No findings
0x4f0547800Db0a2427F7367960dc331f8Cbe2e270,False,,,,,Error
0x1D5EbC3e15e9ECDe0e3530C85899556797eeaea5,True,0,0,0,,No findings
0x9d801C447cDE0fb79F4EFa15aA2eE123021347DF,False,,,,,Error
0xe7a61510EA7197281b49e5bdf1798608d5132595,False,,,,,Error
0x1aFD5191738d365C8079e955E4cEdDfe7e01C62d,True,0,0,0,,No findings
0xcBd099Fe6D0257D47ec1CD1CD8f35fa3170F6d33,True,0,0,0,,No findings
0xf44bae1e60bD5B895B2c5bAfF26C49B7e324E36C,False,,,,,Error
0x5090dF2FBDa7127c7aDa41f60B79F5c55D380Dd8,True,0,0,0,,No findings
0xBfdB4056C49680dd54eedEf22C7F48308140a2a2,True,0,0,0,,No findings
0x84eea61D679F42D92145fA052C89900CBAccE95A,False,,,,,Error
0x19dc38aeae620380430C200a6E990D5Af5480117,False,,,,,Error
0xb5163440d5EBbdC23bC7A091466EB5a621093BFe,True,0,0,0,,No findings
0x29cEAFEE1F76B9CE271750f86B2bD12C23F9dDb6,True,0,0,0,,No findings
0xcDA455DfD9C938451BfaFC6FF0D497c8C0469C96,True,0,0,0,,No findings
0xCd232d3c5aDD5E7CF896B242ca61D1e8f2069dCA,True,0,0,0,,No findings
0x8F23872dAb3B166cef411EeB6C391Ff6Ce419532,True,0,0,0,,No findings
0x8819D653DF5b1FC0DdB32189a2704E471AF8483c,False,,,,,Error
0x3844B40c55370Dabbce52546B6504CcC61CFdB82,True,0,0,0,,No findings
0xa2931C37957f3079d3B21b877d56E1db930e02a5,True,0,0,0,,No findings
0x038F9F4e93e88Af2C688da265222FdE80e455aA4,False,0,0,0,,Decompilation failed
0x6Fae4D9935E2fcb11fC79a64e917fb2BF14DaFaa,True,0,0,0,,No findings
0x75f3E2a4f424401195A5E176246Ecc9f7e7680ff,True,0,0,0,,No findings
0xD4883084389fC1Eeb4dAfB2ADcFc36B711c310EB,True,0,0,0,,No findings
0xccA408a6A9A6dc405C3278647421eb4317466943,True,0,0,0,,No findings
0xa9f0a79433Cd2A0c483586C8c50627577f16F16e,False,,,,,Error
0x80C8F6394c0FcF7bAB16ac08b85484361eCe5888,False,,,,,Error
0x80Cebd56A65e46c474a1A101e89E76C4c51D179c,True,0,0,0,,No findings
0x598facE78a4302f11E3de0bee1894Da0b2Cb71F8,True,0,0,0,,No findings
0x3a464f746D23Ab22155710f44dB16dcA53e0775E,True,0,0,0,,No findings
0xc3F23848Ed2e04C0c6d41bd7804fa8f89F940B94,False,,,,,Error
0xb201817dFdd822B75Fa9b595457E6Ee466a7C187,True,0,0,0,,No findings
0x414B67F62b143d6db6E9b633168Dd6fd4DA20642,False,,,,,Error
0x77bE0b5aE400675063Ce2B2B0d692D9341f4b193,False,,,,,Error
0x06De94EfBE80A2804c5FDE2e7C4278a10575A272,True,0,0,0,,No findings
0xC9B8ea6230d6687a4b13fD3C0b8f0Ec607B26465,True,0,0,0,,No findings
0x6c13643B3927C57DB92c790E4E3E7Ee81e13f78C,True,0,0,0,,No findings
0x54ba950390670f27892AFFC670Ba6ed598E5B8Df,True,0,0,0,,No findings
0x81Dc65907791713F2713F40f91D5153b7Ae9f3f7,True,0,0,0,,No findings
0x783EC5e105234a570eB90f314284E5dBe53bdd90,True,0,0,0,,No findings
0x20E98684e3879e76eb09BBa45035Ef290a85a7c6,True,0,0,0,,No findings
0x0296D16d371a49F631143612020138896b3eA421,True,0,0,0,,No findings
0x28B02B97a850872C4D33C3E024fab6499ad96564,True,0,0,0,,No findings
0xCDfE1782fDC9E74810D3B69E971d752bC4b4D6E6,False,0,0,0,,Decompilation failed
0x08Aa6263078ddC6139F8EAB59D838C17bf555e93,False,,,,,Error
0x4Eb82Ee35b0a1c1d776E3a3B547f9A9bA6FCC9f2,False,,,,,Error
0xAD34A66Bf6dB18E858F6B686557075568c6E031C,True,0,0,0,,No findings
0xDEed16fe4b1c9b2a93483EDFf34C77A9b57D31Ff,True,0,0,0,,No findings
0xD3805207b65d99C075ceA938Fa7c0587026a5DF5,True,0,0,0,,No findings
0xEdF170Da58598955e9a63DA43885842108969129,False,,,,,Error
0x01c0752455282BC139A325e479c6121E060a7bBd,True,0,0,0,,No findings
0x86fb9F1c124fB20ff130C41a79a432F770f67AFD,True,0,0,0,,No findings
0xEc4AdA26E51f2685279F37C8aE62BeAd8212D597,False,,,,,Error
0xfc8d0D2E15A36f1A3F3aE3Cb127B706c1f23Aadc,True,0,0,0,,No findings
0x27A43305C387b464F47D7feC179DF028fF6c1188,True,0,0,0,,No findings
0x208263bB303B2a737642fB13C765F106a2591be8,True,0,0,0,,No findings
0x7E27456a839BFF31CA642c060a2b68414Cb6e503,False,,,,,Error
0x5aaa1Fb47f48dB1858fCaf545621bbD4B0f787F5,True,0,0,0,,No findings
0x11f4E62575EE171D4df15b2D5426abd5d4196284,True,0,0,0,,No findings
0x886BB0f329781b98f98FDeb1ce7a8957F2d43B9F,True,0,0,0,,No findings
0xb2C9034279a8928fe75A0300F61d52fB87CAf106,False,,,,,Error
0x2351FBe24C1212F253b7a300ff0cBCFd97952a19,True,0,0,0,,No findings
0xBbACDe54180D309748Ef9326EA4951A64C05260F,False,,,,,Error
0x8Ea50255C282F89d1A14ad3F159437EE5EF0507f,True,0,0,0,,No findings
0x9FF3f38DED52D74EF4b666A7A09BcB5F38d6D272,True,0,0,0,,No findings
0xBDa330Ea8F3005C421C8088e638fBB64fA71b9e0,True,0,0,0,,No findings
0xD0dca420feFda68537695A8D887080eeF4030AF7,True,0,0,0,,No findings
0x1E38556b4fE553e6249448960875883990efcf34,True,0,0,0,,No findings
0xB057Fb841027a8554521DcCdeC3c3474CaC99AB5,True,0,0,0,,No findings
0x5821f3B6eE05F3dC62b43B74AB1C8F8E6904b1C8,True,0,0,0,,No findings
0x5d759B5CeEb1C3b0181bEc0F80fb04f820cc35D1,True,0,0,0,,No findings
0x4907585D5D9ac83049F67c999Efbd7d977D705Db,True,0,0,0,,No findings
0x61374178e45F65fF9D6252d017Cd580FC60B7654,True,0,0,0,,No findings
0x7Ce3a48cd9FD80004d95b088760bD05bA86C1f7b,True,0,0,0,,No findings
0x270B3D343Dfbb67ADd7659F83F8e3e381A3369aC,True,0,0,0,,No findings
0x666a24F62f7A97BA33c151776Eb3D9441a059eB8,True,0,0,0,,No findings
0xBF12ef4B9f307463D3FB59c3604F294dDCe287E2,False,,,,,Error
0x2235662a9a8ED39AE489aafb2feE13Db26f72044,False,0,0,0,,Decompilation failed
0x85ac1164878e017b67660a74ff1f41f3D05C02Bb,True,0,0,0,,No findings
0x3135f748747438854833cEbc1FD6A5636992c769,True,0,0,0,,No findings
0x2214711817f49665240f68efED0De888838BB375,True,0,0,0,,No findings
0xb6BdD0311F634E136e2d4D5aDe09F5D6C8B911c3,True,0,0,0,,No findings
0xE885941aF52eab9E7f4c67392eACd96ea2A65d9B,True,0,0,0,,No findings
0xF1854214392864c628A16930E73B699f7a51b3EE,True,0,0,0,,No findings
0x12582c7B0f43c6A667CBaA7fA8b112F7fb1E69F0,True,0,0,0,,No findings
0x896cF1D1B66cD211633eDd589fF158E8Cfaf9B54,False,,,,,Error
0xAb9B273366D794B7F80B4378bc8Aaca75C6178E2,True,0,0,0,,No findings
0x95b18eF53E064Cc1817B3d041E2239d7CB47D319,True,0,0,0,,No findings
0x1cE4d0E16570C362feef85Ce2713555fCbd3dBC7,False,0,0,0,,Decompilation failed
0xCcd5E13dC484c956Ec2De57313dEace6ca01F424,True,0,0,0,,No findings
0xb347c2cbfc32e0bdf365183635352e0C38c97147,True,0,0,0,,No findings
0x2AF32cF8e3Cf42d221eDa0c843818fA5ee129E27,False,,,,,Error
0x12Df53079d399a47e9E730df095b712B0FDFA791,True,0,0,0,,No findings
0xf6b38B8413348052B0DC94eB0BC7B329B93fc611,True,0,0,0,,No findings
0xc756cFc1b7d0d4646589EDf10eD54b201237F5e8,True,0,0,0,,No findings
0x182E8d7c5F1B06201b102123FC7dF0EaeB445a7B,False,,,,,Error
0xF90A3d406C6F8321fe118861A357F4D7107760D7,True,0,0,0,,No findings
0x28F7907911C7E321c596686AE6D1F20516450037,False,,,,,Error
0xdB5B9F7aA064fA5CF8C51e71be0345Ac0Ee1d8b2,True,0,0,0,,No findings
0x815a9642497Ee1E9F061f8b828C85Eb7193DecfC,True,0,0,0,,No findings
0xaCA2f65aFDa2cbC8BF28DdE096eCF83aCd121c0b,True,0,0,0,,No findings
0xA8f036f10F6280085a9B1347BC3e8499F6cdb9a6,True,0,0,0,,No findings
0xb7C9307fE90B9AB093c6D3EdeE3259f5378D5f03,False,,,,,Error
0xEf30f29Dcd3FCB1DCcDA9C7Cbf2A5957E8Ee9Cc3,True,0,0,0,,No findings
0x2d0092538AB16c996D8E60b10B015Cd83616334D,False,,,,,Error
0x84Fcd67D2B723416e2aFDd61484BD19bd9C32f27,True,0,0,0,,No findings
0x9f68F961ba2dF53b1cB3EbCC0b08e89790C6E2f6,False,,,,,Error
0xa5E13796eB7d2EDCc88012c8cfF90D69B51FcF9f,False,,,,,Error
0xddf4C3e791caCaFd26D7fb275549739B38ae6e75,True,0,0,0,,No findings
0xB794CCb508F998d4FBA02683B85A70Ff726D2553,True,0,0,0,,No findings
0x5dD4D9A9B5ED4fec79B5edC90AFbE95F437d8668,False,,,,,Error
